transaction_id,transaction_date,transaction_amount,customer_id,product_id,payment_method
1,2022-01-01,1704.45,1,1,debit card
2,2022-01-01,2793.06,2,2,cash
3,2022-01-01,7570.4,3,3,cash
4,2022-01-01,2697.0,4,4,credit card
5,2022-01-01,4506.46,5,5,debit card
6,2022-01-01,8915.16,6,6,credit card
7,2022-01-01,4082.05,7,7,PayPal
8,2022-01-01,4576.12,8,8,credit card
9,2022-01-01,786.29,9,9,cash
10,2022-01-01,3410.52,10,10,PayPal
11,2022-01-01,9003.18,11,11,debit card
12,2022-01-01,5101.48,12,12,cash
13,2022-01-01,8063.22,13,13,PayPal
14,2022-01-01,1812.58,14,14,credit card
15,2022-01-01,5178.03,15,15,PayPal
16,2022-01-01,9421.35,16,16,debit card
17,2022-01-01,1886.82,17,17,debit card
18,2022-01-01,1289.76,18,18,debit card
19,2022-01-01,4947.16,19,19,debit card
20,2022-01-01,8584.96,20,20,cash
21,2022-01-01,4429.92,21,21,credit card
22,2022-01-01,1775.42,22,22,cash
23,2022-01-01,479.48,23,23,debit card
24,2022-01-01,7755.51,24,24,PayPal
25,2022-01-01,8491.09,25,25,debit card
26,2022-01-01,5007.79,26,26,credit card
27,2022-01-01,6395.39,27,27,PayPal
28,2022-01-01,4343.85,28,28,PayPal
29,2022-01-01,2141.19,29,29,debit card
30,2022-01-01,951.56,30,30,credit card
31,2022-01-01,7724.52,31,31,PayPal
32,2022-01-01,4451.63,32,32,PayPal
33,2022-01-01,6905.02,33,33,cash
34,2022-01-01,5636.95,34,34,debit card
35,2022-01-01,8572.17,35,35,cash
36,2022-01-01,1456.58,36,36,PayPal
37,2022-01-01,2802.33,37,37,debit card
38,2022-01-01,1455.05,38,38,cash
39,2022-01-01,2789.37,39,39,debit card
40,2022-01-01,9631.01,40,40,PayPal
41,2022-01-01,499.33,41,41,cash
42,2022-01-01,4944.9,42,42,PayPal
43,2022-01-01,6798.86,43,43,credit card
44,2022-01-01,3491.82,44,44,credit card
45,2022-01-01,1073.26,45,45,debit card
46,2022-01-01,6894.7,46,46,PayPal
47,2022-01-01,7348.6,47,47,debit card
48,2022-01-01,9012.61,48,48,debit card
49,2022-01-01,9573.48,49,49,PayPal
50,2022-01-01,8331.71,50,50,PayPal
51,2022-01-01,7346.89,51,51,credit card
52,2022-01-01,3100.86,52,52,debit card
53,2022-01-01,6442.87,53,53,debit card
54,2022-01-01,1023.06,54,54,credit card
55,2022-01-01,3267.17,55,55,debit card
56,2022-01-01,8523.93,56,56,cash
57,2022-01-01,620.57,57,57,cash
58,2022-01-01,523.0,58,58,cash
59,2022-01-01,5044.57,59,59,PayPal
60,2022-01-01,8426.8,60,60,cash
61,2022-01-01,156.11,61,61,cash
62,2022-01-01,9302.78,62,62,debit card
63,2022-01-01,226.46,63,63,debit card
64,2022-01-01,6722.52,64,64,credit card
65,2022-01-01,973.87,65,65,cash
66,2022-01-01,4165.5,66,66,cash
67,2022-01-01,474.42,67,67,debit card
68,2022-01-01,1974.35,68,68,cash
69,2022-01-01,1566.53,69,69,debit card
70,2022-01-01,2288.79,70,70,PayPal
71,2022-01-01,9736.35,71,71,cash
72,2022-01-01,5884.77,72,72,debit card
73,2022-01-01,2481.57,73,73,credit card
74,2022-01-01,2661.13,74,74,cash
75,2022-01-01,8759.57,75,75,credit card
76,2022-01-01,1906.09,76,76,PayPal
77,2022-01-01,1479.91,77,77,PayPal
78,2022-01-01,7788.46,78,78,cash
79,2022-01-01,430.76,79,79,PayPal
80,2022-01-01,6318.95,80,80,cash
81,2022-01-01,5634.52,81,81,cash
82,2022-01-01,1743.27,82,82,debit card
83,2022-01-01,4549.11,83,83,cash
84,2022-01-01,2298.67,84,84,debit card
85,2022-01-01,5096.68,85,85,debit card
86,2022-01-01,5607.84,86,86,debit card
87,2022-01-01,8263.59,87,87,cash
88,2022-01-01,9078.45,88,88,PayPal
89,2022-01-01,4525.85,89,89,debit card
90,2022-01-01,9402.93,90,90,cash
91,2022-01-01,1933.53,91,91,PayPal
92,2022-01-01,3533.29,92,92,credit card
93,2022-01-01,2441.76,93,93,debit card
94,2022-01-01,4340.08,94,94,PayPal
95,2022-01-01,7660.42,95,95,debit card
96,2022-01-01,2285.59,96,96,PayPal
97,2022-01-01,1038.13,97,97,credit card
98,2022-01-01,910.24,98,98,debit card
99,2022-01-01,9666.92,99,99,debit card
100,2022-01-01,9164.45,100,100,debit card
101,2022-01-01,2045.11,101,101,debit card
102,2022-01-01,6813.51,102,102,PayPal
103,2022-01-01,3677.67,103,103,credit card
104,2022-01-01,6439.99,104,104,PayPal
105,2022-01-01,7927.44,105,105,debit card
106,2022-01-01,8541.09,106,106,cash
107,2022-01-01,4991.17,107,107,credit card
108,2022-01-01,5145.91,108,108,debit card
109,2022-01-01,513.56,109,109,credit card
110,2022-01-01,21.55,110,110,credit card
111,2022-01-01,6725.45,111,111,cash
112,2022-01-01,3472.64,112,112,credit card
113,2022-01-01,5232.37,113,113,PayPal
114,2022-01-01,5330.42,114,114,PayPal
115,2022-01-01,8762.42,115,115,cash
116,2022-01-01,3919.25,116,116,debit card
117,2022-01-01,6640.52,117,117,debit card
118,2022-01-01,3746.65,118,118,credit card
119,2022-01-01,327.77,119,119,PayPal
120,2022-01-01,436.41,120,120,credit card
121,2022-01-01,5287.32,121,121,PayPal
122,2022-01-01,4857.62,122,122,credit card
123,2022-01-01,2431.05,123,123,debit card
124,2022-01-01,4951.88,124,124,debit card
125,2022-01-01,9175.89,125,125,PayPal
126,2022-01-01,7739.25,126,126,credit card
127,2022-01-01,2152.1,127,127,PayPal
128,2022-01-01,2855.08,128,128,debit card
129,2022-01-01,5918.13,129,129,credit card
130,2022-01-01,5473.12,130,130,credit card
131,2022-01-01,6276.48,131,131,cash
132,2022-01-01,4356.62,132,132,credit card
133,2022-01-01,5820.53,133,133,credit card
134,2022-01-01,2794.15,134,134,cash
135,2022-01-01,6238.0,135,135,debit card
136,2022-01-01,2285.2,136,136,debit card
137,2022-01-01,2867.51,137,137,debit card
138,2022-01-01,6409.94,138,138,PayPal
139,2022-01-01,3557.99,139,139,debit card
140,2022-01-01,7634.99,140,140,cash
141,2022-01-01,3498.76,141,141,PayPal
142,2022-01-01,6914.72,142,142,PayPal
143,2022-01-01,7985.07,143,143,debit card
144,2022-01-01,8715.67,144,144,credit card
145,2022-01-01,8611.62,145,145,cash
146,2022-01-01,9632.98,146,146,PayPal
147,2022-01-01,2165.4,147,147,cash
148,2022-01-01,4281.26,148,148,credit card
149,2022-01-01,8359.42,149,149,PayPal
150,2022-01-01,7339.25,150,150,cash
151,2022-01-01,7617.5,151,151,credit card
152,2022-01-01,3160.29,152,152,PayPal
153,2022-01-01,1892.54,153,153,debit card
154,2022-01-01,5328.86,154,154,PayPal
155,2022-01-01,5212.56,155,155,credit card
156,2022-01-01,7586.68,156,156,debit card
157,2022-01-01,6663.13,157,157,credit card
158,2022-01-01,7820.62,158,158,debit card
159,2022-01-01,2179.07,159,159,debit card
160,2022-01-01,8362.0,160,160,PayPal
161,2022-01-01,7990.44,161,161,credit card
162,2022-01-01,9432.56,162,162,cash
163,2022-01-01,1395.77,163,163,cash
164,2022-01-01,3101.72,164,164,PayPal
165,2022-01-01,653.31,165,165,cash
166,2022-01-01,6636.67,166,166,credit card
167,2022-01-01,5579.45,167,167,cash
168,2022-01-01,55.47,168,168,debit card
169,2022-01-01,1888.95,169,169,debit card
170,2022-01-01,690.82,170,170,debit card
171,2022-01-01,5860.61,171,171,debit card
172,2022-01-01,7680.83,172,172,PayPal
173,2022-01-01,4498.21,173,173,credit card
174,2022-01-01,1129.64,174,174,PayPal
175,2022-01-01,6033.31,175,175,cash
176,2022-01-01,932.02,176,176,debit card
177,2022-01-01,6177.76,177,177,PayPal
178,2022-01-01,5578.57,178,178,PayPal
179,2022-01-01,741.49,179,179,debit card
180,2022-01-01,181.14,180,180,debit card
181,2022-01-01,9908.2,181,181,debit card
182,2022-01-01,1899.43,182,182,debit card
183,2022-01-01,4609.68,183,183,credit card
184,2022-01-01,8393.63,184,184,cash
185,2022-01-01,2040.16,185,185,PayPal
186,2022-01-01,9119.45,186,186,PayPal
187,2022-01-01,8463.66,187,187,credit card
188,2022-01-01,4615.35,188,188,debit card
189,2022-01-01,8577.81,189,189,debit card
190,2022-01-01,7993.58,190,190,cash
191,2022-01-01,2961.97,191,191,PayPal
192,2022-01-01,3983.17,192,192,PayPal
193,2022-01-01,3394.85,193,193,credit card
194,2022-01-01,8736.08,194,194,PayPal
195,2022-01-01,9521.52,195,195,debit card
196,2022-01-01,3655.99,196,196,PayPal
197,2022-01-01,4932.84,197,197,debit card
198,2022-01-01,4952.47,198,198,credit card
199,2022-01-01,507.01,199,199,debit card
200,2022-01-01,1380.39,200,200,PayPal
201,2022-01-01,5384.48,201,201,cash
202,2022-01-01,4754.2,202,202,cash
203,2022-01-01,2424.77,203,203,credit card
204,2022-01-01,542.17,204,204,credit card
205,2022-01-01,416.05,205,205,credit card
206,2022-01-01,2752.2,206,206,cash
207,2022-01-01,9649.4,207,207,debit card
208,2022-01-01,6572.96,208,208,debit card
209,2022-01-01,7322.87,209,209,cash
210,2022-01-01,3231.48,210,210,debit card
211,2022-01-01,5952.49,211,211,cash
212,2022-01-01,7039.21,212,212,PayPal
213,2022-01-01,7623.3,213,213,PayPal
214,2022-01-01,2326.8,214,214,credit card
215,2022-01-01,2443.08,215,215,credit card
216,2022-01-01,6575.31,216,216,PayPal
217,2022-01-01,6129.08,217,217,credit card
218,2022-01-01,3179.79,218,218,cash
219,2022-01-01,4579.03,219,219,PayPal
220,2022-01-01,3068.3,220,220,PayPal
221,2022-01-01,8429.79,221,221,credit card
222,2022-01-01,8235.34,222,222,cash
223,2022-01-01,9556.19,223,223,PayPal
224,2022-01-01,5927.24,224,224,PayPal
225,2022-01-01,971.27,225,225,cash
226,2022-01-01,1315.99,226,226,credit card
227,2022-01-01,9535.6,227,227,credit card
228,2022-01-01,780.98,228,228,PayPal
229,2022-01-01,6764.25,229,229,credit card
230,2022-01-01,297.65,230,230,PayPal
231,2022-01-01,1944.52,231,231,debit card
232,2022-01-01,8238.17,232,232,credit card
233,2022-01-01,1491.97,233,233,credit card
234,2022-01-01,5068.95,234,234,debit card
235,2022-01-01,4864.66,235,235,cash
236,2022-01-01,323.1,236,236,cash
237,2022-01-01,1122.78,237,237,PayPal
238,2022-01-01,5507.05,238,238,debit card
239,2022-01-01,3490.65,239,239,PayPal
240,2022-01-01,8209.3,240,240,debit card
241,2022-01-01,9775.07,241,241,debit card
242,2022-01-01,1554.21,242,242,credit card
243,2022-01-01,2883.01,243,243,credit card
244,2022-01-01,5022.17,244,244,PayPal
245,2022-01-01,2873.52,245,245,PayPal
246,2022-01-01,2946.28,246,246,cash
247,2022-01-01,8720.53,247,247,debit card
248,2022-01-01,272.74,248,248,PayPal
249,2022-01-01,433.69,249,249,PayPal
250,2022-01-01,6017.67,250,250,PayPal
251,2022-01-01,7027.08,251,251,credit card
252,2022-01-01,1002.02,252,252,cash
253,2022-01-01,1221.4,253,253,cash
254,2022-01-01,7315.2,254,254,PayPal
255,2022-01-01,4567.23,255,255,debit card
256,2022-01-01,446.59,256,256,PayPal
257,2022-01-01,9023.57,257,257,credit card
258,2022-01-01,3769.33,258,258,credit card
259,2022-01-01,895.79,259,259,PayPal
260,2022-01-01,7369.37,260,260,credit card
261,2022-01-01,9103.99,261,261,cash
262,2022-01-01,5407.84,262,262,cash
263,2022-01-01,161.02,263,263,cash
264,2022-01-01,3214.09,264,264,debit card
265,2022-01-01,687.32,265,265,cash
266,2022-01-01,5130.34,266,266,cash
267,2022-01-01,9943.66,267,267,cash
268,2022-01-01,4853.24,268,268,credit card
269,2022-01-01,6882.88,269,269,credit card
270,2022-01-01,5108.52,270,270,debit card
271,2022-01-01,7941.21,271,271,credit card
272,2022-01-01,6397.98,272,272,credit card
273,2022-01-01,2845.68,273,273,PayPal
274,2022-01-01,2326.64,274,274,cash
275,2022-01-01,7537.07,275,275,cash
276,2022-01-01,5993.84,276,276,PayPal
277,2022-01-01,5266.81,277,277,PayPal
278,2022-01-01,635.99,278,278,PayPal
279,2022-01-01,6411.55,279,279,cash
280,2022-01-01,4468.35,280,280,cash
281,2022-01-01,293.56,281,281,debit card
282,2022-01-01,6954.69,282,282,cash
283,2022-01-01,3015.45,283,283,credit card
284,2022-01-01,6941.49,284,284,debit card
285,2022-01-01,5603.07,285,285,debit card
286,2022-01-01,599.16,286,286,credit card
287,2022-01-01,2805.84,287,287,credit card
288,2022-01-01,8989.04,288,288,debit card
289,2022-01-01,136.16,289,289,debit card
290,2022-01-01,9408.72,290,290,PayPal
291,2022-01-01,5709.79,291,291,debit card
292,2022-01-01,7475.5,292,292,debit card
293,2022-01-01,3472.3,293,293,credit card
294,2022-01-01,210.69,294,294,PayPal
295,2022-01-01,3852.8,295,295,cash
296,2022-01-01,7045.17,296,296,credit card
297,2022-01-01,9120.79,297,297,debit card
298,2022-01-01,4391.82,298,298,cash
299,2022-01-01,5047.07,299,299,PayPal
300,2022-01-01,9286.47,300,300,debit card
301,2022-01-01,1295.83,301,301,PayPal
302,2022-01-01,5679.49,302,302,credit card
303,2022-01-01,4615.57,303,303,PayPal
304,2022-01-01,3571.22,304,304,credit card
305,2022-01-01,2311.12,305,305,PayPal
306,2022-01-01,3676.6,306,306,credit card
307,2022-01-01,9877.19,307,307,debit card
308,2022-01-01,2299.52,308,308,credit card
309,2022-01-01,8142.3,309,309,credit card
310,2022-01-01,9574.85,310,310,cash
311,2022-01-01,5361.13,311,311,debit card
312,2022-01-01,9819.53,312,312,cash
313,2022-01-01,6893.2,313,313,debit card
314,2022-01-01,9339.56,314,314,cash
315,2022-01-01,9449.62,315,315,cash
316,2022-01-01,165.38,316,316,credit card
317,2022-01-01,2491.44,317,317,credit card
318,2022-01-01,1350.61,318,318,debit card
319,2022-01-01,8908.95,319,319,debit card
320,2022-01-01,4997.79,320,320,credit card
321,2022-01-01,3930.51,321,321,credit card
322,2022-01-01,6759.39,322,322,PayPal
323,2022-01-01,5627.46,323,323,cash
324,2022-01-01,4640.21,324,324,credit card
325,2022-01-01,6900.71,325,325,debit card
326,2022-01-01,7423.52,326,326,debit card
327,2022-01-01,3040.45,327,327,PayPal
328,2022-01-01,4603.3,328,328,credit card
329,2022-01-01,2812.2,329,329,credit card
330,2022-01-01,5035.16,330,330,PayPal
331,2022-01-01,2801.52,331,331,credit card
332,2022-01-01,6232.65,332,332,PayPal
333,2022-01-01,3132.67,333,333,credit card
334,2022-01-01,6661.63,334,334,debit card
335,2022-01-01,6449.35,335,335,cash
336,2022-01-01,3093.65,336,336,cash
337,2022-01-01,5429.1,337,337,debit card
338,2022-01-01,8748.99,338,338,credit card
339,2022-01-01,7054.42,339,339,credit card
340,2022-01-01,7236.89,340,340,credit card
341,2022-01-01,8557.83,341,341,PayPal
342,2022-01-01,4391.25,342,342,credit card
343,2022-01-01,5533.55,343,343,credit card
344,2022-01-01,7143.71,344,344,PayPal
345,2022-01-01,7888.27,345,345,debit card
346,2022-01-01,4689.74,346,346,debit card
347,2022-01-01,3168.94,347,347,PayPal
348,2022-01-01,5113.86,348,348,PayPal
349,2022-01-01,342.85,349,349,cash
350,2022-01-01,9895.38,350,350,debit card
351,2022-01-01,4888.96,351,351,debit card
352,2022-01-01,8302.54,352,352,debit card
353,2022-01-01,6563.77,353,353,credit card
354,2022-01-01,9574.19,354,354,debit card
355,2022-01-01,8465.13,355,355,credit card
356,2022-01-01,3783.57,356,356,PayPal
357,2022-01-01,9481.48,357,357,cash
358,2022-01-01,3225.02,358,358,credit card
359,2022-01-01,3582.04,359,359,PayPal
360,2022-01-01,1261.27,360,360,credit card
361,2022-01-01,2596.53,361,361,PayPal
362,2022-01-01,5144.24,362,362,cash
363,2022-01-01,7370.84,363,363,cash
364,2022-01-01,9514.87,364,364,PayPal
365,2022-01-01,9175.88,365,365,PayPal
366,2022-01-01,5324.92,366,366,cash
367,2022-01-01,5854.7,367,367,cash
368,2022-01-01,1052.37,368,368,cash
369,2022-01-01,7595.53,369,369,debit card
370,2022-01-01,441.22,370,370,debit card
371,2022-01-01,1228.14,371,371,debit card
372,2022-01-01,5048.05,372,372,cash
373,2022-01-01,8399.85,373,373,debit card
374,2022-01-01,1487.13,374,374,cash
375,2022-01-01,2417.6,375,375,debit card
376,2022-01-01,9458.24,376,376,credit card
377,2022-01-01,3705.45,377,377,PayPal
378,2022-01-01,550.53,378,378,cash
379,2022-01-01,1102.2,379,379,cash
380,2022-01-01,3319.72,380,380,credit card
381,2022-01-01,6846.21,381,381,credit card
382,2022-01-01,2815.99,382,382,PayPal
383,2022-01-01,6209.3,383,383,PayPal
384,2022-01-01,5124.21,384,384,debit card
385,2022-01-01,2076.77,385,385,debit card
386,2022-01-01,3598.81,386,386,cash
387,2022-01-01,9544.54,387,387,PayPal
388,2022-01-01,7701.32,388,388,credit card
389,2022-01-01,2550.1,389,389,cash
390,2022-01-01,1256.08,390,390,PayPal
391,2022-01-01,4829.86,391,391,debit card
392,2022-01-01,9422.66,392,392,credit card
393,2022-01-01,2370.64,393,393,credit card
394,2022-01-01,778.53,394,394,credit card
395,2022-01-01,2907.78,395,395,debit card
396,2022-01-01,8757.74,396,396,PayPal
397,2022-01-01,2639.25,397,397,debit card
398,2022-01-01,7655.82,398,398,credit card
399,2022-01-01,3497.7,399,399,cash
400,2022-01-01,9544.7,400,400,credit card
401,2022-01-01,4786.13,401,401,debit card
402,2022-01-01,1286.88,402,402,cash
403,2022-01-01,8976.36,403,403,credit card
404,2022-01-01,4769.94,404,404,debit card
405,2022-01-01,3559.21,405,405,credit card
406,2022-01-01,3177.96,406,406,PayPal
407,2022-01-01,2847.02,407,407,debit card
408,2022-01-01,9096.36,408,408,credit card
409,2022-01-01,1996.93,409,409,debit card
410,2022-01-01,9756.93,410,410,cash
411,2022-01-01,8031.64,411,411,cash
412,2022-01-01,3001.88,412,412,cash
413,2022-01-01,6259.23,413,413,cash
414,2022-01-01,4888.53,414,414,PayPal
415,2022-01-01,9972.98,415,415,PayPal
416,2022-01-01,9423.32,416,416,cash
417,2022-01-01,7203.95,417,417,debit card
418,2022-01-01,1157.34,418,418,cash
419,2022-01-01,6645.38,419,419,cash
420,2022-01-01,2983.07,420,420,credit card
421,2022-01-01,4034.36,421,421,debit card
422,2022-01-01,688.37,422,422,debit card
423,2022-01-01,2087.12,423,423,cash
424,2022-01-01,4933.26,424,424,debit card
425,2022-01-01,9016.06,425,425,cash
426,2022-01-01,6213.96,426,426,credit card
427,2022-01-01,6612.86,427,427,PayPal
428,2022-01-01,8659.55,428,428,PayPal
429,2022-01-01,8403.1,429,429,cash
430,2022-01-01,3806.13,430,430,PayPal
431,2022-01-01,5681.07,431,431,debit card
432,2022-01-01,1393.03,432,432,credit card
433,2022-01-01,1163.5,433,433,debit card
434,2022-01-01,1699.85,434,434,cash
435,2022-01-01,8460.25,435,435,cash
436,2022-01-01,1286.22,436,436,cash
437,2022-01-01,6142.91,437,437,debit card
438,2022-01-01,6611.24,438,438,debit card
439,2022-01-01,3574.24,439,439,cash
440,2022-01-01,814.9,440,440,PayPal
441,2022-01-01,3813.16,441,441,cash
442,2022-01-01,1619.94,442,442,credit card
443,2022-01-01,2540.85,443,443,debit card
444,2022-01-01,2227.7,444,444,credit card
445,2022-01-01,2995.81,445,445,debit card
446,2022-01-01,8948.81,446,446,cash
447,2022-01-01,1545.26,447,447,credit card
448,2022-01-01,4985.78,448,448,credit card
449,2022-01-01,3197.43,449,449,PayPal
450,2022-01-01,4386.43,450,450,credit card
451,2022-01-01,9815.78,451,451,credit card
452,2022-01-01,1723.88,452,452,credit card
453,2022-01-01,4833.43,453,453,credit card
454,2022-01-01,8123.28,454,454,credit card
455,2022-01-01,9901.42,455,455,credit card
456,2022-01-01,798.68,456,456,cash
457,2022-01-01,6165.0,457,457,cash
458,2022-01-01,5038.08,458,458,PayPal
459,2022-01-01,6993.54,459,459,debit card
460,2022-01-01,7142.34,460,460,credit card
461,2022-01-01,8874.33,461,461,debit card
462,2022-01-01,8497.02,462,462,debit card
463,2022-01-01,8169.5,463,463,PayPal
464,2022-01-01,1830.48,464,464,credit card
465,2022-01-01,2469.47,465,465,debit card
466,2022-01-01,4114.74,466,466,PayPal
467,2022-01-01,9153.71,467,467,PayPal
468,2022-01-01,8741.43,468,468,credit card
469,2022-01-01,3605.66,469,469,PayPal
470,2022-01-01,9502.43,470,470,credit card
471,2022-01-01,2793.54,471,471,credit card
472,2022-01-01,4929.32,472,472,credit card
473,2022-01-01,7517.17,473,473,PayPal
474,2022-01-01,9514.58,474,474,cash
475,2022-01-01,5389.9,475,475,cash
476,2022-01-01,4809.38,476,476,credit card
477,2022-01-01,2022.95,477,477,credit card
478,2022-01-01,7668.34,478,478,PayPal
479,2022-01-01,7691.51,479,479,cash
480,2022-01-01,599.55,480,480,cash
481,2022-01-01,6920.64,481,481,cash
482,2022-01-01,1251.34,482,482,cash
483,2022-01-01,202.79,483,483,PayPal
484,2022-01-01,312.32,484,484,cash
485,2022-01-01,3148.75,485,485,PayPal
486,2022-01-01,1264.67,486,486,debit card
487,2022-01-01,4507.0,487,487,credit card
488,2022-01-01,1619.73,488,488,debit card
489,2022-01-01,8179.93,489,489,credit card
490,2022-01-01,5439.37,490,490,credit card
491,2022-01-01,1862.35,491,491,cash
492,2022-01-01,8995.99,492,492,debit card
493,2022-01-01,3308.31,493,493,cash
494,2022-01-01,1664.59,494,494,PayPal
495,2022-01-01,5831.6,495,495,PayPal
496,2022-01-01,8216.07,496,496,credit card
497,2022-01-01,9995.49,497,497,cash
498,2022-01-01,4887.64,498,498,credit card
499,2022-01-01,6039.21,499,499,debit card
500,2022-01-01,3254.57,500,500,PayPal
501,2022-01-01,37.23,501,501,credit card
502,2022-01-01,846.16,502,502,cash
503,2022-01-01,1138.47,503,503,credit card
504,2022-01-01,6906.13,504,504,cash
505,2022-01-01,9583.82,505,505,credit card
506,2022-01-01,3921.71,506,506,credit card
507,2022-01-01,7837.64,507,507,debit card
508,2022-01-01,1395.03,508,508,cash
509,2022-01-01,8081.89,509,509,debit card
510,2022-01-01,6740.86,510,510,cash
511,2022-01-01,4266.84,511,511,credit card
512,2022-01-01,307.52,512,512,PayPal
513,2022-01-01,2994.44,513,513,PayPal
514,2022-01-01,7839.18,514,514,credit card
515,2022-01-01,3318.8,515,515,PayPal
516,2022-01-01,4626.07,516,516,debit card
517,2022-01-01,4405.0,517,517,debit card
518,2022-01-01,2048.91,518,518,cash
519,2022-01-01,4689.12,519,519,debit card
520,2022-01-01,4215.98,520,520,PayPal
521,2022-01-01,8410.99,521,521,debit card
522,2022-01-01,1428.92,522,522,debit card
523,2022-01-01,8730.25,523,523,PayPal
524,2022-01-01,2928.16,524,524,credit card
525,2022-01-01,2131.32,525,525,debit card
526,2022-01-01,4943.95,526,526,cash
527,2022-01-01,4446.58,527,527,PayPal
528,2022-01-01,4472.01,528,528,PayPal
529,2022-01-01,4077.5,529,529,credit card
530,2022-01-01,6016.51,530,530,credit card
531,2022-01-01,2903.98,531,531,PayPal
532,2022-01-01,4396.46,532,532,cash
533,2022-01-01,6567.91,533,533,credit card
534,2022-01-01,9955.7,534,534,debit card
535,2022-01-01,8780.89,535,535,PayPal
536,2022-01-01,286.79,536,536,debit card
537,2022-01-01,2256.41,537,537,PayPal
538,2022-01-01,5793.61,538,538,debit card
539,2022-01-01,1480.33,539,539,debit card
540,2022-01-01,9747.62,540,540,debit card
541,2022-01-01,5245.86,541,541,credit card
542,2022-01-01,3182.33,542,542,debit card
543,2022-01-01,2545.7,543,543,cash
544,2022-01-01,9806.84,544,544,credit card
545,2022-01-01,5378.08,545,545,debit card
546,2022-01-01,2924.16,546,546,credit card
547,2022-01-01,1533.8,547,547,PayPal
548,2022-01-01,1885.55,548,548,cash
549,2022-01-01,2548.91,549,549,PayPal
550,2022-01-01,8991.34,550,550,cash
551,2022-01-01,8216.31,551,551,debit card
552,2022-01-01,8520.97,552,552,cash
553,2022-01-01,6181.85,553,553,debit card
554,2022-01-01,5809.25,554,554,PayPal
555,2022-01-01,6357.12,555,555,cash
556,2022-01-01,1172.73,556,556,debit card
557,2022-01-01,1805.14,557,557,cash
558,2022-01-01,3030.82,558,558,cash
559,2022-01-01,5211.17,559,559,cash
560,2022-01-01,373.52,560,560,debit card
561,2022-01-01,5298.93,561,561,cash
562,2022-01-01,9960.51,562,562,credit card
563,2022-01-01,7313.98,563,563,cash
564,2022-01-01,9345.57,564,564,credit card
565,2022-01-01,7742.95,565,565,cash
566,2022-01-01,4550.79,566,566,cash
567,2022-01-01,9458.09,567,567,cash
568,2022-01-01,392.88,568,568,cash
569,2022-01-01,2746.9,569,569,debit card
570,2022-01-01,6244.11,570,570,PayPal
571,2022-01-01,366.77,571,571,PayPal
572,2022-01-01,6733.08,572,572,cash
573,2022-01-01,1202.92,573,573,debit card
574,2022-01-01,3610.94,574,574,PayPal
575,2022-01-01,7491.66,575,575,debit card
576,2022-01-01,5171.41,576,576,debit card
577,2022-01-01,5884.32,577,577,PayPal
578,2022-01-01,2948.12,578,578,PayPal
579,2022-01-01,1587.71,579,579,credit card
580,2022-01-01,9655.18,580,580,debit card
581,2022-01-01,8415.94,581,581,PayPal
582,2022-01-01,4949.59,582,582,credit card
583,2022-01-01,4907.59,583,583,debit card
584,2022-01-01,4905.57,584,584,debit card
585,2022-01-01,4050.93,585,585,PayPal
586,2022-01-01,6717.95,586,586,PayPal
587,2022-01-01,3165.02,587,587,debit card
588,2022-01-01,4733.99,588,588,credit card
589,2022-01-01,7353.1,589,589,PayPal
590,2022-01-01,4832.03,590,590,credit card
591,2022-01-01,8938.61,591,591,cash
592,2022-01-01,9982.94,592,592,PayPal
593,2022-01-01,3447.41,593,593,debit card
594,2022-01-01,8681.61,594,594,credit card
595,2022-01-01,270.21,595,595,PayPal
596,2022-01-01,6190.19,596,596,credit card
597,2022-01-01,584.8,597,597,cash
598,2022-01-01,6542.51,598,598,PayPal
599,2022-01-01,515.04,599,599,PayPal
600,2022-01-01,8237.38,600,600,PayPal
601,2022-01-01,2568.61,601,601,cash
602,2022-01-01,9940.51,602,602,cash
603,2022-01-01,4156.93,603,603,cash
604,2022-01-01,3635.6,604,604,credit card
605,2022-01-01,6415.75,605,605,debit card
606,2022-01-01,9694.01,606,606,credit card
607,2022-01-01,2572.07,607,607,debit card
608,2022-01-01,104.77,608,608,credit card
609,2022-01-01,9133.93,609,609,cash
610,2022-01-01,9723.25,610,610,debit card
611,2022-01-01,9714.51,611,611,debit card
612,2022-01-01,2672.89,612,612,credit card
613,2022-01-01,9941.24,613,613,credit card
614,2022-01-01,6311.5,614,614,PayPal
615,2022-01-01,6578.67,615,615,cash
616,2022-01-01,5284.82,616,616,cash
617,2022-01-01,9463.07,617,617,PayPal
618,2022-01-01,1913.21,618,618,PayPal
619,2022-01-01,4899.76,619,619,cash
620,2022-01-01,4866.79,620,620,cash
621,2022-01-01,3583.63,621,621,debit card
622,2022-01-01,9309.26,622,622,cash
623,2022-01-01,6811.82,623,623,cash
624,2022-01-01,559.06,624,624,cash
625,2022-01-01,4680.69,625,625,PayPal
626,2022-01-01,4657.43,626,626,debit card
627,2022-01-01,1249.09,627,627,credit card
628,2022-01-01,7662.82,628,628,credit card
629,2022-01-01,8093.33,629,629,debit card
630,2022-01-01,6858.06,630,630,cash
631,2022-01-01,2289.95,631,631,cash
632,2022-01-01,7300.93,632,632,PayPal
633,2022-01-01,4040.38,633,633,PayPal
634,2022-01-01,8502.33,634,634,cash
635,2022-01-01,3324.73,635,635,cash
636,2022-01-01,5166.67,636,636,PayPal
637,2022-01-01,4835.28,637,637,cash
638,2022-01-01,1070.82,638,638,debit card
639,2022-01-01,6351.86,639,639,cash
640,2022-01-01,6696.28,640,640,PayPal
641,2022-01-01,1750.0,641,641,debit card
642,2022-01-01,3489.42,642,642,debit card
643,2022-01-01,4812.76,643,643,cash
644,2022-01-01,1267.43,644,644,debit card
645,2022-01-01,1350.13,645,645,debit card
646,2022-01-01,2379.06,646,646,cash
647,2022-01-01,6495.8,647,647,debit card
648,2022-01-01,8172.74,648,648,PayPal
649,2022-01-01,9706.66,649,649,credit card
650,2022-01-01,5726.45,650,650,cash
651,2022-01-01,5052.88,651,651,credit card
652,2022-01-01,2735.18,652,652,debit card
653,2022-01-01,5838.46,653,653,cash
654,2022-01-01,586.71,654,654,credit card
655,2022-01-01,6013.63,655,655,PayPal
656,2022-01-01,2164.6,656,656,credit card
657,2022-01-01,7334.06,657,657,cash
658,2022-01-01,9842.12,658,658,credit card
659,2022-01-01,2825.15,659,659,cash
660,2022-01-01,6729.73,660,660,credit card
661,2022-01-01,4357.45,661,661,debit card
662,2022-01-01,2328.61,662,662,cash
663,2022-01-01,8162.27,663,663,debit card
664,2022-01-01,3522.71,664,664,credit card
665,2022-01-01,7988.95,665,665,cash
666,2022-01-01,292.48,666,666,cash
667,2022-01-01,4883.29,667,667,credit card
668,2022-01-01,3664.77,668,668,cash
669,2022-01-01,149.57,669,669,debit card
670,2022-01-01,9803.97,670,670,credit card
671,2022-01-01,9913.35,671,671,cash
672,2022-01-01,7836.15,672,672,credit card
673,2022-01-01,7000.86,673,673,cash
674,2022-01-01,8012.97,674,674,credit card
675,2022-01-01,7661.4,675,675,cash
676,2022-01-01,2925.03,676,676,cash
677,2022-01-01,5769.67,677,677,PayPal
678,2022-01-01,9355.58,678,678,cash
679,2022-01-01,3309.23,679,679,debit card
680,2022-01-01,307.43,680,680,debit card
681,2022-01-01,8765.55,681,681,cash
682,2022-01-01,8494.91,682,682,cash
683,2022-01-01,1964.33,683,683,credit card
684,2022-01-01,7115.78,684,684,PayPal
685,2022-01-01,4277.5,685,685,debit card
686,2022-01-01,1534.77,686,686,debit card
687,2022-01-01,110.32,687,687,cash
688,2022-01-01,7141.39,688,688,cash
689,2022-01-01,1015.86,689,689,credit card
690,2022-01-01,8260.72,690,690,PayPal
691,2022-01-01,6312.05,691,691,PayPal
692,2022-01-01,4382.41,692,692,debit card
693,2022-01-01,318.11,693,693,PayPal
694,2022-01-01,863.33,694,694,PayPal
695,2022-01-01,9736.86,695,695,PayPal
696,2022-01-01,1589.63,696,696,PayPal
697,2022-01-01,4313.44,697,697,debit card
698,2022-01-01,6299.07,698,698,PayPal
699,2022-01-01,7107.46,699,699,PayPal
700,2022-01-01,1205.55,700,700,cash
701,2022-01-01,7036.48,701,701,credit card
702,2022-01-01,7012.07,702,702,debit card
703,2022-01-01,574.63,703,703,debit card
704,2022-01-01,7134.67,704,704,credit card
705,2022-01-01,3009.91,705,705,PayPal
706,2022-01-01,4730.41,706,706,credit card
707,2022-01-01,8491.76,707,707,debit card
708,2022-01-01,6857.04,708,708,debit card
709,2022-01-01,2240.73,709,709,PayPal
710,2022-01-01,2712.44,710,710,credit card
711,2022-01-01,1991.48,711,711,credit card
712,2022-01-01,9215.36,712,712,credit card
713,2022-01-01,5319.84,713,713,credit card
714,2022-01-01,1146.78,714,714,credit card
715,2022-01-01,8655.64,715,715,debit card
716,2022-01-01,8992.37,716,716,PayPal
717,2022-01-01,6213.66,717,717,credit card
718,2022-01-01,8634.93,718,718,credit card
719,2022-01-01,5876.93,719,719,cash
720,2022-01-01,7865.96,720,720,cash
721,2022-01-01,1656.71,721,721,cash
722,2022-01-01,2932.59,722,722,PayPal
723,2022-01-01,5015.92,723,723,debit card
724,2022-01-01,3732.51,724,724,cash
725,2022-01-01,9222.74,725,725,cash
726,2022-01-01,6336.11,726,726,cash
727,2022-01-01,8723.75,727,727,debit card
728,2022-01-01,3718.7,728,728,cash
729,2022-01-01,7072.58,729,729,credit card
730,2022-01-01,9968.89,730,730,credit card
731,2022-01-01,1423.35,731,731,cash
732,2022-01-01,3879.11,732,732,credit card
733,2022-01-01,331.07,733,733,credit card
734,2022-01-01,5351.76,734,734,credit card
735,2022-01-01,4465.53,735,735,debit card
736,2022-01-01,9746.03,736,736,cash
737,2022-01-01,7707.55,737,737,credit card
738,2022-01-01,7321.68,738,738,cash
739,2022-01-01,5998.62,739,739,cash
740,2022-01-01,758.58,740,740,debit card
741,2022-01-01,7119.11,741,741,debit card
742,2022-01-01,3673.16,742,742,cash
743,2022-01-01,5073.06,743,743,debit card
744,2022-01-01,3017.65,744,744,cash
745,2022-01-01,6501.37,745,745,debit card
746,2022-01-01,4826.15,746,746,debit card
747,2022-01-01,7043.99,747,747,credit card
748,2022-01-01,7809.94,748,748,credit card
749,2022-01-01,894.37,749,749,debit card
750,2022-01-01,9965.06,750,750,cash
751,2022-01-01,342.98,751,751,PayPal
752,2022-01-01,9129.42,752,752,PayPal
753,2022-01-01,4137.91,753,753,credit card
754,2022-01-01,214.82,754,754,debit card
755,2022-01-01,8135.91,755,755,credit card
756,2022-01-01,4829.64,756,756,PayPal
757,2022-01-01,1948.4,757,757,credit card
758,2022-01-01,7140.29,758,758,PayPal
759,2022-01-01,7055.25,759,759,debit card
760,2022-01-01,4960.08,760,760,credit card
761,2022-01-01,6335.38,761,761,cash
762,2022-01-01,9479.88,762,762,credit card
763,2022-01-01,8926.12,763,763,cash
764,2022-01-01,2919.39,764,764,cash
765,2022-01-01,8333.34,765,765,debit card
766,2022-01-01,9833.53,766,766,debit card
767,2022-01-01,1845.31,767,767,PayPal
768,2022-01-01,9444.81,768,768,cash
769,2022-01-01,1381.68,769,769,cash
770,2022-01-01,1667.47,770,770,credit card
771,2022-01-01,3522.13,771,771,cash
772,2022-01-01,9001.58,772,772,debit card
773,2022-01-01,461.31,773,773,PayPal
774,2022-01-01,5353.05,774,774,cash
775,2022-01-01,875.77,775,775,cash
776,2022-01-01,1841.57,776,776,debit card
777,2022-01-01,6885.79,777,777,PayPal
778,2022-01-01,4588.64,778,778,cash
779,2022-01-01,4139.54,779,779,PayPal
780,2022-01-01,8049.72,780,780,PayPal
781,2022-01-01,2029.18,781,781,cash
782,2022-01-01,8848.29,782,782,PayPal
783,2022-01-01,7840.27,783,783,cash
784,2022-01-01,7493.38,784,784,debit card
785,2022-01-01,9589.79,785,785,cash
786,2022-01-01,8135.48,786,786,PayPal
787,2022-01-01,6684.68,787,787,credit card
788,2022-01-01,132.17,788,788,debit card
789,2022-01-01,527.83,789,789,cash
790,2022-01-01,6435.04,790,790,credit card
791,2022-01-01,8197.4,791,791,cash
792,2022-01-01,240.62,792,792,cash
793,2022-01-01,8850.92,793,793,credit card
794,2022-01-01,8568.56,794,794,cash
795,2022-01-01,3055.91,795,795,debit card
796,2022-01-01,8099.45,796,796,PayPal
797,2022-01-01,989.33,797,797,debit card
798,2022-01-01,3364.79,798,798,credit card
799,2022-01-01,9825.27,799,799,PayPal
800,2022-01-01,6274.52,800,800,debit card
801,2022-01-01,4421.62,801,801,debit card
802,2022-01-01,7914.41,802,802,cash
803,2022-01-01,4280.31,803,803,cash
804,2022-01-01,4258.89,804,804,debit card
805,2022-01-01,3251.22,805,805,debit card
806,2022-01-01,5057.58,806,806,PayPal
807,2022-01-01,7803.38,807,807,PayPal
808,2022-01-01,3335.54,808,808,cash
809,2022-01-01,8130.08,809,809,credit card
810,2022-01-01,2929.0,810,810,cash
811,2022-01-01,7998.06,811,811,PayPal
812,2022-01-01,3792.65,812,812,debit card
813,2022-01-01,82.98,813,813,debit card
814,2022-01-01,4834.58,814,814,credit card
815,2022-01-01,3373.68,815,815,PayPal
816,2022-01-01,9807.59,816,816,PayPal
817,2022-01-01,6876.21,817,817,credit card
818,2022-01-01,8449.43,818,818,credit card
819,2022-01-01,3200.43,819,819,cash
820,2022-01-01,8617.88,820,820,PayPal
821,2022-01-01,2281.95,821,821,cash
822,2022-01-01,9623.73,822,822,cash
823,2022-01-01,1261.71,823,823,debit card
824,2022-01-01,2146.55,824,824,cash
825,2022-01-01,2305.12,825,825,PayPal
826,2022-01-01,844.86,826,826,credit card
827,2022-01-01,6887.69,827,827,cash
828,2022-01-01,4370.59,828,828,cash
829,2022-01-01,3087.78,829,829,credit card
830,2022-01-01,5923.01,830,830,cash
831,2022-01-01,2484.35,831,831,PayPal
832,2022-01-01,5953.51,832,832,cash
833,2022-01-01,1555.85,833,833,debit card
834,2022-01-01,5131.32,834,834,debit card
835,2022-01-01,1945.17,835,835,credit card
836,2022-01-01,8924.91,836,836,PayPal
837,2022-01-01,9770.43,837,837,PayPal
838,2022-01-01,6231.68,838,838,cash
839,2022-01-01,5124.32,839,839,cash
840,2022-01-01,450.75,840,840,debit card
841,2022-01-01,9533.87,841,841,cash
842,2022-01-01,9600.24,842,842,debit card
843,2022-01-01,9163.74,843,843,cash
844,2022-01-01,8317.19,844,844,PayPal
845,2022-01-01,8237.04,845,845,debit card
846,2022-01-01,5308.51,846,846,debit card
847,2022-01-01,3636.11,847,847,debit card
848,2022-01-01,9896.24,848,848,PayPal
849,2022-01-01,9488.58,849,849,debit card
850,2022-01-01,1795.72,850,850,cash
851,2022-01-01,4928.64,851,851,cash
852,2022-01-01,6810.68,852,852,PayPal
853,2022-01-01,8215.63,853,853,PayPal
854,2022-01-01,7837.85,854,854,credit card
855,2022-01-01,7999.02,855,855,cash
856,2022-01-01,2280.01,856,856,debit card
857,2022-01-01,4263.7,857,857,cash
858,2022-01-01,5611.36,858,858,debit card
859,2022-01-01,9068.18,859,859,credit card
860,2022-01-01,8263.14,860,860,credit card
861,2022-01-01,9294.61,861,861,PayPal
862,2022-01-01,1687.66,862,862,PayPal
863,2022-01-01,8527.07,863,863,cash
864,2022-01-01,8744.75,864,864,credit card
865,2022-01-01,6605.19,865,865,debit card
866,2022-01-01,3221.48,866,866,credit card
867,2022-01-01,5619.71,867,867,credit card
868,2022-01-01,7154.21,868,868,cash
869,2022-01-01,5448.41,869,869,cash
870,2022-01-01,1585.56,870,870,credit card
871,2022-01-01,444.62,871,871,cash
872,2022-01-01,2413.05,872,872,PayPal
873,2022-01-01,4698.24,873,873,PayPal
874,2022-01-01,7168.49,874,874,credit card
875,2022-01-01,8496.3,875,875,PayPal
876,2022-01-01,8462.97,876,876,PayPal
877,2022-01-01,8907.88,877,877,credit card
878,2022-01-01,78.77,878,878,cash
879,2022-01-01,177.82,879,879,cash
880,2022-01-01,1510.38,880,880,cash
881,2022-01-01,9963.55,881,881,credit card
882,2022-01-01,7790.47,882,882,cash
883,2022-01-01,2762.6,883,883,cash
884,2022-01-01,3953.96,884,884,PayPal
885,2022-01-01,7260.86,885,885,credit card
886,2022-01-01,4241.01,886,886,credit card
887,2022-01-01,2329.61,887,887,debit card
888,2022-01-01,2446.2,888,888,PayPal
889,2022-01-01,7929.64,889,889,debit card
890,2022-01-01,8097.74,890,890,credit card
891,2022-01-01,4926.42,891,891,cash
892,2022-01-01,9936.75,892,892,PayPal
893,2022-01-01,7182.97,893,893,credit card
894,2022-01-01,1236.9,894,894,debit card
895,2022-01-01,5956.15,895,895,PayPal
896,2022-01-01,6676.94,896,896,debit card
897,2022-01-01,5773.74,897,897,PayPal
898,2022-01-01,3253.37,898,898,cash
899,2022-01-01,1380.48,899,899,debit card
900,2022-01-01,4752.19,900,900,debit card
901,2022-01-01,442.78,901,901,cash
902,2022-01-01,65.71,902,902,PayPal
903,2022-01-01,6271.98,903,903,cash
904,2022-01-01,431.26,904,904,PayPal
905,2022-01-01,3822.13,905,905,debit card
906,2022-01-01,36.06,906,906,cash
907,2022-01-01,688.0,907,907,PayPal
908,2022-01-01,1790.07,908,908,credit card
909,2022-01-01,9474.83,909,909,PayPal
910,2022-01-01,642.34,910,910,PayPal
911,2022-01-01,8248.71,911,911,cash
912,2022-01-01,8781.57,912,912,PayPal
913,2022-01-01,7210.35,913,913,credit card
914,2022-01-01,6310.32,914,914,credit card
915,2022-01-01,9610.09,915,915,debit card
916,2022-01-01,9616.73,916,916,cash
917,2022-01-01,3166.62,917,917,debit card
918,2022-01-01,4994.27,918,918,credit card
919,2022-01-01,4239.71,919,919,credit card
920,2022-01-01,865.79,920,920,credit card
921,2022-01-01,8838.18,921,921,cash
922,2022-01-01,6783.78,922,922,PayPal
923,2022-01-01,2061.46,923,923,debit card
924,2022-01-01,3994.24,924,924,PayPal
925,2022-01-01,2332.99,925,925,debit card
926,2022-01-01,6174.21,926,926,cash
927,2022-01-01,7955.51,927,927,debit card
928,2022-01-01,1597.34,928,928,debit card
929,2022-01-01,9645.64,929,929,debit card
930,2022-01-01,2331.13,930,930,PayPal
931,2022-01-01,4675.29,931,931,credit card
932,2022-01-01,6993.56,932,932,cash
933,2022-01-01,6854.56,933,933,cash
934,2022-01-01,5087.99,934,934,PayPal
935,2022-01-01,7296.84,935,935,cash
936,2022-01-01,8790.23,936,936,cash
937,2022-01-01,7191.94,937,937,credit card
938,2022-01-01,2345.14,938,938,debit card
939,2022-01-01,9376.71,939,939,debit card
940,2022-01-01,6365.35,940,940,debit card
941,2022-01-01,2457.33,941,941,PayPal
942,2022-01-01,8568.21,942,942,cash
943,2022-01-01,138.72,943,943,debit card
944,2022-01-01,5399.31,944,944,PayPal
945,2022-01-01,3943.67,945,945,debit card
946,2022-01-01,9013.53,946,946,debit card
947,2022-01-01,7187.75,947,947,credit card
948,2022-01-01,9538.29,948,948,PayPal
949,2022-01-01,95.83,949,949,credit card
950,2022-01-01,501.61,950,950,PayPal
951,2022-01-01,8189.92,951,951,credit card
952,2022-01-01,1706.6,952,952,cash
953,2022-01-01,8934.71,953,953,credit card
954,2022-01-01,3907.98,954,954,cash
955,2022-01-01,7739.92,955,955,PayPal
956,2022-01-01,5835.02,956,956,debit card
957,2022-01-01,8859.16,957,957,PayPal
958,2022-01-01,568.02,958,958,credit card
959,2022-01-01,3147.02,959,959,PayPal
960,2022-01-01,8924.81,960,960,debit card
961,2022-01-01,9963.2,961,961,PayPal
962,2022-01-01,6618.83,962,962,cash
963,2022-01-01,3959.74,963,963,debit card
964,2022-01-01,9390.72,964,964,credit card
965,2022-01-01,381.3,965,965,credit card
966,2022-01-01,6232.01,966,966,credit card
967,2022-01-01,302.4,967,967,PayPal
968,2022-01-01,5322.98,968,968,debit card
969,2022-01-01,5838.97,969,969,PayPal
970,2022-01-01,388.09,970,970,cash
971,2022-01-01,5141.4,971,971,credit card
972,2022-01-01,4022.68,972,972,cash
973,2022-01-01,5801.53,973,973,PayPal
974,2022-01-01,2139.25,974,974,cash
975,2022-01-01,5661.13,975,975,credit card
976,2022-01-01,4928.4,976,976,credit card
977,2022-01-01,8771.89,977,977,debit card
978,2022-01-01,8500.47,978,978,credit card
979,2022-01-01,6681.59,979,979,cash
980,2022-01-01,8165.56,980,980,cash
981,2022-01-01,6119.26,981,981,credit card
982,2022-01-01,4364.32,982,982,PayPal
983,2022-01-01,5742.51,983,983,debit card
984,2022-01-01,5225.94,984,984,debit card
985,2022-01-01,6431.58,985,985,cash
986,2022-01-01,4841.35,986,986,cash
987,2022-01-01,4592.18,987,987,PayPal
988,2022-01-01,6207.42,988,988,PayPal
989,2022-01-01,7.61,989,989,debit card
990,2022-01-01,372.98,990,990,PayPal
991,2022-01-01,6234.39,991,991,PayPal
992,2022-01-01,6441.47,992,992,debit card
993,2022-01-01,7225.39,993,993,PayPal
994,2022-01-01,432.84,994,994,credit card
995,2022-01-01,6980.82,995,995,PayPal
996,2022-01-01,9166.64,996,996,credit card
997,2022-01-01,2286.27,997,997,PayPal
998,2022-01-01,4277.71,998,998,cash
999,2022-01-01,5383.79,999,999,PayPal
1000,2022-01-01,7528.47,1000,1000,credit card
